sigla progetto,nome del' attore,tipo di relazione
"Progetto Città Cinematografica - Studi cinematografici ed edifici di servizio (progetto esposto e segnalato alla V Triennale di Milano nella sezione ""Progetti di Edifici Tipici"")",S. Urievic (in qualità di promotore),COM
Progetto Circeo Proposta di Piano Regolatore,Due gruppi finanziari milanesi,COM
"Progetto San Babila Uffici, teatro, cinema, ristorante e appartamenti","Hegeman Harris Company Inc., Carlo De Angeli Frua",COM
"Progetto San Babila Uffici, teatro, cinema, ristorante e appartamenti",Ingg. Primo Matassoni ed Ernesto Saliva,COL
"Progetto Santa Margherita Ligure Case a schiera, villa e grattacielo",Resy Barbarani Bonomi,COM
"Progetto Santa Margherita Ligure Case a schiera, villa e grattacielo",Ing. Ernesto Saliva,COP
"Quartiere Feltre Progettazione urbanistica ed edilizia di unità di abitazione e nucleo residenziale, scuola materna",Istituto Autonomo Case Popolari della Provincia di Milano  Presidente Ing. Camillo Ripamonti,COM
"Quartiere Feltre Progettazione urbanistica ed edilizia di unità di abitazione e nucleo residenziale, scuola materna",Arch. tti Belisario Duca e Maria Pia Matteotti Ingg. Ernesto Saliva e Vittorio di Tocco (capogruppo Arch. Luciano Baldessari),COP
"Quartiere Feltre Progettazione urbanistica ed edilizia di unità di abitazione e nucleo residenziale, scuola materna",Impresa Cementfer - Ing. Gaetano Blasi: Direttore dei Lavori  (fabbricato n° 12) Impresa Geom. Giuseppe Binda - Ing. Giovanni Genovesi: Direttore dei  Lavori  (fabbricato n° 13),COS
"Progetto Rovereto Banca, negozi, appartamenti e asilo",Cassa di Risparmio di Trento e Rovereto,COM
"Progetto Rovereto Banca, negozi, appartamenti e asilo",Geom. Giulio Baldessari: collaborazione tecnica  (fonte Z.M.B.),COL
"Progetto Rovereto Banca, negozi, appartamenti e asilo",Arch. Maria Pia Matteotti - Ing. Ernesto Saliva  (fonte Z.M.B.),COP
Quartiere Forlanini Progettazione fabbricati nn° 52/56,Istituto Autonomo Case Popolari della Provincia di Milano Vice Presidente Dott. Antigio de Osma,COM
Quartiere Forlanini Progettazione fabbricati nn° 52/56,Arch. Maria Pia Matteotti  (fonte Elenco coll. L.B.),COL
Quartiere Forlanini Progettazione fabbricati nn° 52/56,Impresa Errebi - Costruzioni Edili S.r.l. Ing. Mario Roscio: Direttore dei Lavori,COS
"Progetto Quartiere Tibaldi (concorso a invito - motto ""Castoro"")",Istituto Autonomo Case Popolari della Provincia di Milano Vice Presidente Dott. Antigio de Osma,COM
Progetto Quartiere Campo dei Fiori Progettazione fabbricati nn° 22-24,Istituto Autonomo Case Popolari della Provincia di Milano,COM
Progetto Quartiere Campo dei Fiori Progettazione fabbricati nn° 22-24,Ing. Pietro Wertenstein: progetto opere in c.a.,COL
Progetto Quartiere Campo dei Fiori Progettazione fabbricati nn° 22-24,Arch.tti Carlo Bartoli e Annig C. Sarian,COP
Quartiere Canegrate Sud Centro Residenziale per l'insediamento della popolazione operaia,Istituto Autonomo Case Popolari della Provincia di Milano Presidente Dott. Virgilio Bontadini,COM
Quartiere Canegrate Sud Centro Residenziale per l'insediamento della popolazione operaia,Ing. Ernesto Saliva Arch. L. Ramella: collaborazione tecnica  (fonte Bibliografia),COL
Progetto Villaggio Navach,Arch. Pasquale Bruno,COP
"Progetto Cornaredo Bar, ristorante, motel e appartamenti",Carla Gavazzi Giola,COM
"Progetto Cornaredo Bar, ristorante, motel e appartamenti",Ing. Ernesto Saliva Ingg. Franco Rolla e Armando Pazzi: progetto opere in c.a. 1967/68 - Arch.tti Maria Pia Matteotti e Zita Mosca,COL
"Progetto Lottizzazione Riazzino Garage ""Stella"", negozi, ristorante, motel, case d'abitazione e servizi",Antonio Leoni S.A. - Amministratore Dott. Silvio Leoni,COM
"Progetto Lottizzazione Riazzino Garage ""Stella"", negozi, ristorante, motel, case d'abitazione e servizi",Arch. Zita Mosca  (fonte bibliografia),COP
"Palazzo per uffici D.A.F.  e arredamento studio Carlo De Angeli Frua (progetto esposto alla V Triennale di Milano nella sezione ""Opere Costruite"")",De Angeli Frua S.A. (Società per l'industria dei tessuti stampati),COM
"Palazzo per uffici D.A.F.  e arredamento studio Carlo De Angeli Frua (progetto esposto alla V Triennale di Milano nella sezione ""Opere Costruite"")",1931/32 - Arch.tti Gino Pollini e Luigi Figini (fonte bibliografia),COL
Progetto Magazzini Dogana (ristrutturazione),Società Anonima Magazzini Dogana - Amministratore Comm. Romeo Farioli,COM
Progetto Magazzini Dogana (ristrutturazione),Invita il pittore Enrico Ciuti,COL
Progetto Magazzini Dogana (ristrutturazione),Arch. Werner Daniel: progetto di massima,COP
Progetto Magazzini Dogana (ristrutturazione),Impresa Geom. Italo Tobia,COS
"Progetto ""Aeroporto Forlanini""",Ing. G. Solesin (Direttore Aeroporto),COM
"Progetto ""Aeroporto Forlanini""",Ing. G. Solesin: collaborazione tecnica (fonte bibliografia),COL
Progetto Centro di Assistenza Materna e Infantile,"Opera Nazionale Maternità e Infanzia - Presidente Generale Avv. Sileno Fabbri, Presidente Federazione di Lodi Dott. Maggi",COM
Progetto Centro di Assistenza Materna e Infantile,Arch. Werner Daniel,COP
"Centro di Assistenza Materna e Infantile (progetto esposto alla Fierta del Levante di Bari e alla V Triennale di Milano nella sezione ""Architettura""; realizzato con modifiche dalla committenza))",Società Commerciale Bossi - Presidente Quinto Bossi,COM
"Centro di Assistenza Materna e Infantile (progetto esposto alla Fierta del Levante di Bari e alla V Triennale di Milano nella sezione ""Architettura""; realizzato con modifiche dalla committenza))",Ing. Quinto Gregotti fu Edoardo: progettazione e collaudo impianti tecnici  Invita per l'esposizione alla Fiera del Levante di Bari il pittore Marcello Nizzoli,COL
"Centro di Assistenza Materna e Infantile (progetto esposto alla Fierta del Levante di Bari e alla V Triennale di Milano nella sezione ""Architettura""; realizzato con modifiche dalla committenza))",1932/33 - Arch. Werner Daniel,COP
"Complesso industriale Italcima Stabilimento, uffici e villa con direzione lavori e progetto di arredamento, casa del custode con direzione lavori (progetto esposto alla V Triennale di Milano)",Comm. Achille Levi,COM
"Complesso industriale Italcima Stabilimento, uffici e villa con direzione lavori e progetto di arredamento, casa del custode con direzione lavori (progetto esposto alla V Triennale di Milano)",Ing. Eugenio Soncini (studio Ponti): casa del custode Dott. Luigi Minguzzi: giardino Invita il pittore Aldo Salvadori: msaici parietali,COL
"Complesso industriale Italcima Stabilimento, uffici e villa con direzione lavori e progetto di arredamento, casa del custode con direzione lavori (progetto esposto alla V Triennale di Milano)","Arch. Gio Ponti: stabilimento, uffici e villa",COP
"Complesso industriale Italcima Stabilimento, uffici e villa con direzione lavori e progetto di arredamento, casa del custode con direzione lavori (progetto esposto alla V Triennale di Milano)","Impresa ? Arch. Gio Ponti: Direttore dei Lavori (stabilimento, uffici e villa)",COS
Progetto Casa della Madre e del Bambino (progetto tipo),Opera Nazionale Maternità e Infanzia - Presidente Generale Avv. Sileno Fabbri,COM
Progetto Casa di Cura/albergo,Dott. G. Gomelsky,COM
Progetto Casa di Cura/albergo,? Ing. Capo dell' Ufficio Tecnico Provinciale (Brescia): Direttore dei Lavori,COS
"Club ""Emilio Pensuti"" e arredamento (bombardato e distrutto negli anni quaranta)","Aero Club ""Emilio Pensuti"" - Presidente Ing. Manillo Zerbinati",COM
"Club ""Emilio Pensuti"" e arredamento (bombardato e distrutto negli anni quaranta)",Invita il pittore Marcello Nizzoli,COL
Casa della Madre e del Bambino e arredamento,Opera Nazionale Maternità e Infanzia - Presidente Generale Avv. Sileno Fabbri - Presidente Federazione Provinciale di Brescia Ing. Buffoli,COM
Casa della Madre e del Bambino e arredamento,Ing. Andrea Visioli (Ufficio Tecnico Provinciale): collaborazione tecnica  (fonte Curriculum L.B.) Dott.: Luigi Minguzzi: il giardino,COL
Casa della Madre e del Bambino e arredamento,Impresa F.lli Calderara,COS
Casa della Madre e del Bambino,Opera Nazionale Maternità e Infanzia - Presidente Generale Avv. Sileno Fabbri - Presidente Comitato di Patronato dell'Urbe Prof. Giuseppe Vidau,COM
Casa della Madre e del Bambino,Ing. Raffaele Vespignani: calcolo strutture in c.a.,COL
Casa della Madre e del Bambino,? Ing. Raffaele Vespignani: Direttore dei Lavori,COS
"Progetto Chiesa di San Marco (concorso per la facciata - motto ""A"")","""Comitato pro facciata S. Marco Rovereto"" - Presidente Mons. Virgilio Parteli",COM
Progetto Galleria d'Arte Moderna,Prof. Giorgio Nicodemi (Soprintendente Capo Civici Musei di Milano),COM
Progetto Palazzo per uffici Breda,Finanziaria Ernesto Breda S.p.A.,COM
"Progetto Palazzo E42 (concorso, progetto segnalato)","""Ente Autonomo Esposizione Universale di Roma""",COM
"Progetto Palazzo E42 (concorso, progetto segnalato)",Prof. Leone Lodi,COL
"Progetto Palazzo E42 (concorso, progetto segnalato)",Ing. Ernesto Saliva,COP
Progetto Teatro Regio (concorso per la ricostruzione),Comune di Torino,COM
Mercato Coperto,S.A.R.M.A.S./Costruzioni industriali e civili  (Accomandita Semplice di Arturo Cadario & C),COM
Mercato Coperto,Ing. Marcello Grisotti,COP
Centrale Elettrica (realizzato con pesanti modifiche dalla committenza),Avisio S.p.A. - Direttore Generale Ing. Arrigo De Rizzoli,COM
Centrale Elettrica (realizzato con pesanti modifiche dalla committenza),1955 - Ing. Marcello Grisotti,COL
"Breda (piccole opere) Iscrizioni, cancello, portineria e pensilina",Finanziaria Ernesto Breda S.p.A.,COM
"Ristorante ""Los Gatos"" (ora casa privata)",Roberto Streiff,COM
"Ristorante ""Los Gatos"" (ora casa privata)",Impresa di costruzione Figli fu B. Borradori,COS
Progetto Albergo Domus  (progetto di ampliamento),Walter Ferro,COM
Istituto Tecnico F.lli Fontana,Provincia Autonoma di Trento - Presidente della Giunta Avv. Bruno Kessler,COM
Istituto Tecnico F.lli Fontana,"Arch. Pasquale Bruno, Ing. Renato Marchi",COL
Palazzo per uffici ELV,E.L.V. S.p.A. (Elettromeccanica Lombardo Veneta)  Presidente Dott. Giuseppe Soncini,COM
Palazzo per uffici ELV,Arch. Belisario Duca: calcolo opere in cemento armato,COL
Palazzo per uffici ELV,Arch. Augusto Savini,COP
Progetto Azienda di Turismo,Azienda Autonoma di Turismo di Rovereto  Presidente Geom. Giulio Baldessari,COM
"Progetto Night-Club ""El Coche""",Dott. Silvio Leoni e Roberto Streiff,COM
"Progetto Night-Club ""El Coche""",Arch. Zita Mosca (fonte Z.M.B.),COP
"Autocentro Fiat (Concessionaria automobili Fiat, ora supermercato)",Antonio Leoni S.A. - Presidente Dott. Silvio Leoni,COM
"Autocentro Fiat (Concessionaria automobili Fiat, ora supermercato)",Arch. Zita Mosca (fonte bibliografia),COP
Progetto Museo Studi Futuristi (ristrutturazione Palazzo ex Parolari),Comune di Rovereto Assessore alle Attività Culturali Dott. Gianfranco Zandonati,COM
Progetto Museo Studi Futuristi (ristrutturazione Palazzo ex Parolari),Dott. Pio Ioli: sondaggi geognostici,COL
Progetto Museo Studi Futuristi (ristrutturazione Palazzo ex Parolari),Arch.tti Renzo Aste e Zita Mosca (fonte Z.M.B.),COP
Progetto Casa in via Cadibona,Impresa di Costruzione Giovanni Castigliano,COM
Progetto Casa in via Fulcorina,Dott. Giovanni Rasini,COM
Casa in via Pancaldo,"Società Anonima Immobiliare ""Il Selletto"" Amministratore Unico Dott. Mino Spadacini",COM
Casa in via Pancaldo,Ing. Ernesto Saliva: progetto e calcolo opere in cemento armato Ing. Italo Bertolini: collaudo opere in cemento armato Invita il pittore-scultore Lucio Fontana: bassorilievo in terracotta colorata,COL
Progetto Grattacielo in via Modrone,Stefano Bonfiglio,COM
Progetto Grattacielo in via Modrone,"Arch. Gino Brunelli, Ing. Ernesto Saliva",COP
Casa in via Pisani,S.A.L.C.A. (Società Anonima Lombarda Costruzione Appartamenti),COM
Casa Mariani (ristrutturazione - piccole opere),Dott. Giulio Mariani,COM
"Casette prefabbricate e arredamento (smontate al termine della Triennale, una rimontata a Casorate per Gianni Mattioli e demolita alla fine degli anni ottanta)","X Triennale di Milano - Presidente On. Ivan Matteo Lombardo - La Giunta Esecutiva: Arc.tti Carlo De Carli e Marco Zanuso, Pittori Mario Radice e Attilio Rossi, Scultore Lucio Fontana - Coordinatore per le partecipazioni estere Arch. Luciano Baldessari",COM
"Casette prefabbricate e arredamento (smontate al termine della Triennale, una rimontata a Casorate per Gianni Mattioli e demolita alla fine degli anni ottanta)",Ing. Marcello Grisotti,COP
Grattacielo Hansaviertel (ricostruzione Quartiere Anseatico),Interbau Berlino - Senator a.D. Dott. Karl Mahler,COM
Grattacielo Hansaviertel (ricostruzione Quartiere Anseatico),"Arch. Mariapia Matteotti, Ing. Ernesto Saliva Arch. Gerhàrd Klose: Direttore Lavori",COL
Progetto casa Trutmann,Marta Trutmann,COM
Case Ina a Brescia,Istituto Autonomo Case Popolari della Provincia di Brescia Direttore Arch. Angelo Boccanera,COM
Case Ina a Brescia,Arch.tti Belisario Duca e Maripia Matteotti Ing. Ernesto Saliva e Vittorio di Tocco (capogruppo Luciano Baldessari),COP
Casa Ina a Porto Ceresio,Istituto Autonomo Case Popolari della Provincia di Varese  Presidente Ing. Camillo Lucchina,COM
Casa Ina a Porto Ceresio,"Arch.tti Belisario Duca, Maria Pia Matteotti Ingg. Ernesto Saliva e Vittorio di Tocco (capogruppo Arch. Luciano Baldessari)",COP
Casa Ina a Sale,Istituto Autonomo Case Popolari della Provincia di Alessandria Presidente Ing. Pietro Mazzoleni,COM
Casa Ina a Sale,Arch.tti Belisario Duca e Maria Pia Matteotti Ingg. Ernesto Saliva e Vittorio di Tocco (capogruppo Arch. Luciano Baldessari),COP
Case Ina a Pavia,Istituto Autonomo Case Popolari della Provincia di Pavia - Presidente A. Piccoli,COM
Case Ina a Pavia,Arch.tti Belisario Duca e Mariapia Matteotti Ingg. Ernesto Saliva e Vittorio di Tocco (capogruppo Arch. Luciano Baldessari),COP
Lazzaretto Mariani (ristrutturazione),Dott. Luigi Mariani,COM
Lazzaretto Mariani (ristrutturazione),Ing. Cesare Pozzoli: Direttore Lavori,COL
"""Casin di Strii"" - Casa delle streghe (ristrutturazione)",Dott. Luigi Mariani,COM
"Condominio ""Milano""",Impresa Geom. Italo Tobia,COM
"Condominio ""Milano""",Arch. Maria Pia Matteotti e Geom. Giulio Baldessari (fonte Elenco coll. L.B.) Invita il pittore-scultore Lucio Fontana: tagli luminosi a soffitto,COL
"Condominio ""Venezia""",Impresa Geom. Italo Tobia,COM
"Condominio ""Venezia""",Arch. Maria Pia Matteotti e Geom. Giulio Baldessari (fonte Elenco coll. L.B.),COL
"Condominio ""Venezia""",Impresa Geom. Italo Tobia Ing. Sisto Campostrini: Direttore dei Lavori,COS
Casa a Vigevano,Società Immobiliare Valletta Fogliano (di Panza Iole & C.),COM
Casa a Vigevano,Arch. Belisario Duca: calcolo cementi armati e Direttore Lavori,COL
Casa a Vigevano,Arch. Carlo Bartoli,COP
Casa Jannitto,Francesco Jannitto,COM
Casa Jannitto,Arch. Zita Mosca (fonte Z.M.B.),COP
Progetto Casa in via Roma (ristrutturazione),Comm. Giovanni Nones,COM
Progetto Casa in via Roma (ristrutturazione),Arch. Zita Mosca (fonte Z.M.B.),COP
Progetto Villa alla Giudecca,John W. Harris,COM
Progetto Villa a Madonna di Campiglio,Ing. Solesin (fonte Bibliografia),COM
Progetto Villa a Salò,Ing. G. Solesin (fonte Bibliografia),COM
Villa Maria Pia Casa di Cura per malattie nervose,Dott. Giovanni Martinotti,COM
Villa Maria Pia Casa di Cura per malattie nervose,1950/52; 1959 - Ing. Marcello Grisotti,COL
Villa Maria Pia Casa di Cura per malattie nervose,1969 - Arch. Zita Mosca,COP
Progetto Villa Meyerhofer,Meyerhofer,COM
Progetto Villa Pozzali,Ing. Franco Pozzali,COM
Progetto Villa Masini,Dott. Giuseppe Masini (fonte Z.M.B.),COM
"Complesso di Villa Letizia Casa di Riposo per divenuti ciechi (ristrutturazione villa, nuovo edificio e Cappella Santa Lucia, e arredamenti)",Prof.ssa Angiola Maria Migliavacca,COM
"Complesso di Villa Letizia Casa di Riposo per divenuti ciechi (ristrutturazione villa, nuovo edificio e Cappella Santa Lucia, e arredamenti)","1962/64 - Arch.tti Pasquale Bruno e Roberto Innocenti 1962/64 - Arch. Carlo Bartoli: arredamento 1962/64 - Arch. Belisario Duca: computo metrico-estimativo, calcolo c.a. 1964/66 - Ing. Giovanni Vespignani: calcolo c.a. 1968 - Arch. Zita Mosca: progetto ascensore, monografia Una Casa e una chiesa (fonte Z.M.B.)",COL
Progetto Villa Metzger,Dott. Benno Metzger,COM
Progetto Villa Metzger,Ing. Ernesto Saliva 1968/69 - Arch. Zita Mosca,COP
Villa Archidea e arredamento,Dott. Silvio Leoni,COM
Villa Archidea e arredamento,Ing. Giovanni Vespignani: computo metrico-esrtimativo e calcolo c.a. Ing. Ernesto Staub (impresa Losinger e Co. s.a.): Direttore Lavori,COL
Villa Archidea e arredamento,Arch. Zita Mosca (fonte Z.M.B.),COP
Progetto Villa Vedù Casa albergo per dirigenti pensionati (ristrutturazione),Dott. Mario Biasi,COM
Progetto Villa Vedù Casa albergo per dirigenti pensionati (ristrutturazione),Arch. Zita Mosca (fonte Z.M.B.),COP
Ex scuderia di Villa Puricelli Casa di Riposo (ristrutturazione e arredamento),"Opera Diocesana ""Madonna della Fiducia"" - Amministratore Mons. Arnaldo Fraccaroli - Presidente S.E. Cardinale Giacomo Lercaro",COM
Ex scuderia di Villa Puricelli Casa di Riposo (ristrutturazione e arredamento),Arch. Zita Mosca Ing. Alfredo De Bernardi: Direttore Lavori,COL
Progetto Villa Kauffungen,Dott. Eva Kauffungen,COM
Progetto Villa Kauffungen,Arch. Zita Mosca,COP
Padiglione della Stampa e allestimento (demolito negli anni 1945/46),"V Triennale di Milano - Il Presidente Dott. Giulio Barella - Il Direttorio: Dott. Carlo A. Felice, Arch. Gio Ponti, Pittore Mario Sironi",COM
Padiglione della Stampa e allestimento (demolito negli anni 1945/46),Invita il pittore Marcello Nizzoli: sezione grafica; il pittore-scultore Mario Sironi: bassorilievo in cemento colorato; la scultrice Jenny Wiegmann: statua,COL
Padiglione Vesta e allestimento,De Angeli Frua S.A. (Società per l'industria dei Tessuti Stampati),COM
Padiglione Vesta e allestimento,Invita il pittore Enrico Ciuti,COL
Padiglione Ortofrutticolo-Vinicolo  con allestimento e decorazione di alcuni stands - Stand Montecatini (Gran Premio della Giuria Superiore dell'Esposizione),Volpi di Misurata (Commissario Generale per l'Italia),COM
Padiglione Ortofrutticolo-Vinicolo  con allestimento e decorazione di alcuni stands - Stand Montecatini (Gran Premio della Giuria Superiore dell'Esposizione),Invita il pittore Enrico Ciuti Allestimento Stand Montecatini - Invita il pittore Marcello Nizzoli; il pittore-scultore Lucio Fontana: altorilievo in terracotta colorata (fonte Bibliografia),COL
Padiglione D.A.F.,De Angeli Frua S.A. (Società per l'industria dei tessuti stampati),COM
Padiglione D.A.F.,Invita il pittore Enrico Ciuti,COL
Padiglioni Breda  e allestimenti,Finanziaria Ernesto Breda S.p.A. (già Società Italiana Ernesto Breda)  Vice Direttore Ing. Giuseppe Dal Monte,COM
Padiglioni Breda  e allestimenti,"1951 - Ing. Giorgio Grando (fonte Bibliografia) 1951/54 - Ing. Marcello Grisotti 1951/54 - Ingg. Erminio Gosso e Giuseppe Dal Monte (fonte Elenco coll. L.B.) 1953 - Invita il pittore-scultore Lucio Fontana: sala proiezioni con complesso luminoso a soffitto 1954 - Invita lo scultore Umberto Milani: bassorilievo in gesso ""Sintesi del ciclo produttivo siderurgico""; il pittore Attilio Rossi: figurazione plastica sulla facciata del padiglione ""La Breda oggi nell'universo industriale"" e il pittore-scultore Lucio Fontana: soffitto sala proiezioni ""Plastica luminosa""",COL
Padiglioni Sidercomit e allestimenti,Sidercomit S.p.A.  - Presidente A. Scotto,COM
Padiglioni Sidercomit e allestimenti,1953/54 - Ing. Marcello Grisotti (fonte Curriculum L.B.) 1953 - Invita il pittore-scultore Lucio Fontana: complesso luminoso a soffitto e nastro metallico pubblicitario su parete esterna; il pittore Attilio Rossi: decorazione parietale (fonte Bibliografia),COL
Progetto Padiglioni Fiera,Ente Fiera Milano - Segretario Generale Dott. Michele Guido Franci,COM
Progetto Padiglioni Fiera,"Arch. Maria Pia Matteotti, Ing. Ernesto Saliva (fonte Elenco coll. L.B.)",COL
Progetto Tribuna Presidenziale (progetto di ampliamento),Ente Fiera Milano - Segretario Generale Dott. Michele Guido Franci,COM
Progetto Tribuna Presidenziale (progetto di ampliamento),Invita il pittore-scultore Lucio Fontana: taglio a parete e scultura lamellare,COL
Progetto Viale Editoria,Ente Fiera Milano - Segretario Generale Dott. Michele Guido Franci,COM
Progetto Viale Editoria,Arch. Maria Pia Matteotti (fonte Elenco coll. L.B.),COL
Padiglioni I.L.V.A. Iscrizioni,I.L.V.A. (Industria Laminati Veneti Acciai),COM
Progetto Padiglione Breda (realizzato con modifche sostanziali dall'Arch. Tonino M. Cirielli),Finanziaria Ernesto Breda S.p.A. - Presidente Avv. Pietro Sette,COM
Progetto Padiglione Breda (realizzato con modifche sostanziali dall'Arch. Tonino M. Cirielli),Ing. De Vita,COL
Progetto Padiglione Breda (realizzato con modifche sostanziali dall'Arch. Tonino M. Cirielli),Arch. Tonino M. Cirielli,COP
Padiglione Italsider (ristrutturazione e allestimento padiglione Sidercomit),Italsider S.p.A. (già Sidercomit),COM
Padiglione Italsider (ristrutturazione e allestimento padiglione Sidercomit),Arch. Roberto Innocenti (fonte Elenco coll. L.B.),COL
Tomba Mariani-Malacrida,"Dott. Giulio Mariani, Edoardo e Luigi Mariani",COM
Tomba Mariani-Malacrida,Invita il pittore Mario Sironi: mosaico (non eseguito),COL
"Tomba Suore (in ricordo della missionaria Suor Leopolda Baldessari, sorella di L.B.)",Istituto Beata Vergine Maria di Santa Croce Madre Superiora Suor Chiara Rossaro,COM
"Tomba Suore (in ricordo della missionaria Suor Leopolda Baldessari, sorella di L.B.)",Invita lo scultore Antonio Voltan: scultura in rame,COL
Tomba Rasini,Dott. Giovanni Rasini,COM
Tomba Dina Baldessari,Arch. Luciano Baldessari,COM
Tomba Mariani-Clary,Dott. Edoardo Mariani,COM
Tomba Mariani-Clary,Invita lo scultore Umberto Milani: scultura in pietra,COL
Progetto Tomba de Hosszufalussy,Peter de Hosszufalussy,COM
Tomba Segale,Luciana e Arturo Segale,COM
Tomba Bonfanti,E. Bonfanti,COM
Tomba Cairoli,G. Cairoli,COM
Tomba Cairoli,Arch. Zita Mosca (fonte Z.M.B.),COL
"Progetto Monumento ""Generale Roca"" (Concorso Internazionale - motto ""Pampas"")",Comision Nacional Monumento General Julio A. Roca,COM
"Progetto Monumento ""Generale Roca"" (Concorso Internazionale - motto ""Pampas"")",Lucio Fontana,COP
Progetto Monumenti Allegorici (concorso),Governatorato Civile Distretto Santo Domingo,COM
Progetto Fontana Triennale e organizzazione della mostra di fontane all'aperto,Giunta della XI Triennale - Segretario della Triennale Comm. Tommaso Ferraris,COM
"Progetto Fontana del Risparmio (Concorso, annulato)",Cassa di Risparmio delle Provincie Lombarde Presidente Prof. Giordano Dell'Amore,COM
"Progetto Campana dei Caduti (Concorso, vinto - motto ""Per tutte le genti)",Opera Internazionale della Campana dei Caduti - Il Reggente Padre Eusebio Jori,COM
"Progetto Campana dei Caduti (Concorso, vinto - motto ""Per tutte le genti)",Impresa Ing. A. Morganti: calcolo opere in c.a. (fonte Z.M.B.),COL
Calzaturificio di Varese (smantellato),Comm. Ermenegildo Trolli,COM
Calzaturificio di Varese (smantellato),Invita il pittore Enrico Ciuti: pannello polimaterico a parete,COL
Studio per Collezionista (smantellato),Carlo De Angeli Frua,COM
Studio per Collezionista (smantellato),1930 - Arch.tti Gino Pollini e Luigi Figini  (fonte Bibliografia),COL
Bar Rossi (smantellato),Rossi,COM
Appartamento Spadacini (1),Dott. Mino Spadacini,COM
Appartamento Spadacini (1),Invita il pittore Adriano di Spilimbergo: pannello a parete (fonte Bibliografia),COL
Appartamento Perin,Maestro Tullio Perin,COM
Progetto negozio Sartotecnica - vetrine (smantellato),"Società Anonima ""La Sartotecnica""",COM
Appartamento Bolchini  (appartamento per scapolo),G. Bolchini,COM
Appartamento Sigurtà,Dott. Giuseppe Carlo Sigurtà,COM
Appartamento De Angeli Frua,Carlo De Angeli Frua,COM
Progetto Pinacoteca Castello Sforzesco  Sala della Cancelleria,Prof. Giorgio Nicodemi  (Soprintendente Capo Civici Musei di Milano),COM
Progetto Bar Canova,Angelo Ostuni,COM
Negozio Ultimoda D.A.F. Tessuti per l'arredamento (smantellato),"Società Anonima ""Ultimoda""",COM
Progetto Salone d'Onore (concorso),"VI Triennale di Milano - Presidente Giulio Barella - Il Direttorio: Dott. Carlo A. Felice, Arch. Giuseppe Pagano, Pittore Mario Sironi",COM
Appartamento Mariani,Dott. Giulio Mariani,COM
Appartamento/studio a Parigi,Carlo De Angeli Frua per la scultrice Mary Callery (fonte bibliografia),COM
Negozio Hass Tappeti per l'arredamento,Hass,COM
"Panfilo ""La Madonnina""",Dott. Giovanni Rasini,COM
Negozio Galtrucco Tessuti per l'arredamento,Galtrucco,COM
Negozio Galtrucco Tessuti per l'arredamento,Invita il pittore Enrico Ciuti (fonte Z.M.B.),COL
Appartamento in via San Pietro all'Orto,Alm Griffith-Grey (fonte Bibliografia),COM
Ristorante self-service Alma Products (smantellato),Alma Products Inc. Store - General Manager A. Fabbri,COM
Progetto Banca di Trento e Bolzano (progetto di ristrutturazione e ampliamento),Banca di Trento e Bolzano - Consigliere Delegato Dott. B. Andreatta,COM
"Istituto di Bellezza ""Dora Bruschi"" (smantellato)",Dora Bruschi,COM
Breda (grattacielo),Finanziaria Ernesto Breda S.p.A.,COM
Appartamento Masini Libreria da elementi con ribalta ad intarsio,Dott. Giuseppe Masini,COM
Parrucchiere Manfredini (smantellato),C. Manfredini,COM
Appartamento via Senato,Giulia Butti,COM
Appartamento Cagol Libreria ad elementi con ribalta ad intarsio,Giuseppe (detto Beppe) Cagol,COM
Padiglione 19 (ristrutturazione sotterraneo),Ente Fiera Milano - Segretario Generale Dott. Michele Guido Franci,COM
Appartamento Russoli,Russoli,COM
Camera di Commercio Sala Presidenziale (smantellata),Camera di Commercio Industria e Agricoltura  - Presidente Comm. Leo Detassis,COM
Credito Fondiario (smantellato),Istituto di Credito Fondiario - Direttore Generale Dott. Umberto Garbari,COM
Credito Fondiario (smantellato),Invita il pittore Adriano di Spilmbergo (quadro),COL
Appartamento Seppi (sopraelevazione),Cesarina Seppi (pittrice),COM
Appartamento Seppi (sopraelevazione),Ing. Renato Marchi,COL
Laboratorio Fontana Atelier di pellicceria (smantellato),Bruna Fontana,COM
Appartamento Panzeri,Dott. Eliano Panzeri,COM
Appartamento Panzeri,Arch. Zita Mosca  (fonte Z.M.B.),COP
Appartamento Avv. Dieci,Avv. Dieci,COM
Appartamento Avv. Dieci,Arch. Zita Mosca,COP
Villa Leonardi,Dott. Matteo Leonardi,COM
Villa Leonardi,Arch. Zita Mosca (fonte Z.M.B.),COP
Negozio per esposizioni Leoni (smantellato),Società Anonima Antonio Leoni - Amministratore Dott. Silvio Leoni,COM
Negozio per esposizioni Leoni (smantellato),Arch. Zita Mosca (fonte Z.M.B.),COP
Appartamento Spadacini (2),Dott. Marco Spadacini,COM
Appartamento Spadacini (2),Arch. Zita  Mosca (fonte Z.M.B.),COP
Appartamento Bernardi,Dott. Giuseppe (detto Giòs) Bernardi,COM
Appartamento Bernardi,Arch. Zita Mosca  (fonte Z.M.B.),COP
Appartamento Bertagnolli Libreria con letto estraibile,Prof. Valerio Bertagnolli,COM
Appartamento Bertagnolli Libreria con letto estraibile,Arch. Zita Mosca (fonte Z.M.B.),COP
Appartamento Spadacini,Dott. Mino Spadacini,COM
Appartamento Spadacini,Arch. Zita Mosca (fonte Bibliografia),COP
Mostra della Seta,Associazione Italiana Fabbricanti di Seterie,COM
Mostra della Seta,Espone i manichini dello scultore Alexander Archipenko acquistati a Berlino e gli scialli piatti del pittore Marcello Nizzoli (fonte Bibliografia),COL
Teatro della Moda Allestimenti scenici e cartello pubblicitario,Casa di Moda Ventura - Titolare Sig. Montano (fonte Bibliografia),COM
Stand D.A.F. (1),"IV Triennale di Milano - Il Direttorio: Dott. Carlo A. Felice, Arch.tti Adriano Alpago Novello e Gio Ponti (fonte Bibliografia)",COM
Stand D.A.F. (2),De Angeli Frua S.A. (Società per l'industria dei Tessuti Stampati),COM
Stand D.A.F. cartello pubblicitario e scenografia sfilata,De Angeli Frua S.A. (Società per l'industria dei Tessuti Stampati) Casa di Moda Ventura,COM
Salone dei Tessuti e allestimento Stand D.A.F.,"V Triennale di Milano - Il Presidente, Dott. Giulio Barella; Il Direttorio: Dott. Carlo A. Felice, Arch. Gio Ponti, Pittore Mario Sironi",COM
"Esposizione Aeronautica Italiana Sala Aviazione civile e Turismo aereo, Sala Fascismo e Aviazione",Esposizione dell'Aeronautica Italiana (Presidente Marcello Visconti di Modrone) - Direttorio della Triennale,COM
"Mostra Nazionale dello Sport Padiglione delle Vendite e Padiglione della Stampa (progetti di ristrutturazione), Sezione Pubblicità (e allestimento)",Mostra Nazionale dello Sport - Presidente Ing. Alberto Bonacossa,COM
"Mostra Nazionale dello Sport Padiglione delle Vendite e Padiglione della Stampa (progetti di ristrutturazione), Sezione Pubblicità (e allestimento)",Invita il pittore Enrico Ciuti,COL
Sezione Tessili,"VI Triennale di Milano - Presidente Dott. Giulio Barella; Il Direttorio: Dott. Carlo A. Felice, Arch. Giuseppe Pagano, Pittore Mario Sironi (fonte Bibliografia)",COM
Sezione Tessili,"Invita i pittori Enrico Ciuti, Marcello Nizzoli e Mario Sironi",COL
Sala Mescita Vini Italiani Padiglione Italiano,Commissariato Generale per l'Italia all'Esposizione Internazionale di Parigi - Commissario Generale Ing. Enrico De Smaele,COM
Sala Mescita Vini Italiani Padiglione Italiano,"Invita i pittori Bramante Buffoni, Leonardo Spreafico, Mentore, Marcello Nizzoli (pannelli decorativi) e gli scultori Luigi Broggini e Carlo Conte",COL
"Atrio, Scalone d'Onore e Vestibolo superiore e sistemazione decorativa dei viali d'accesso  (allestimento IX Triennale ad Oslo)","IX Triennale di Milano - Presidente On. Ivan Matteo Lombardo; La Giunta Esecutiva: Arch.tti Franco Albini, Luciano Baldessari e Gio Ponti, Pittori Marcello Nizzoli e Adriano di Spilimbergo, Prof. Elio Palazzo (fonte Bibliografia)",COM
"Atrio, Scalone d'Onore e Vestibolo superiore e sistemazione decorativa dei viali d'accesso  (allestimento IX Triennale ad Oslo)","Ing. Marcello Grisotti Arch. Cesare Lacca: tre divani, due verdi uno bleu Invita gli artisti Giuseppe Ajmone: pittura murale; Bruno Calvani: altorilievo; Neto Campi: ceramica smaltata; Carmelo Cappello: ceramica a tutto tondo; Bruno Cassinari: decorazione parietale; Carlo Conte: statua; Roberto Crippa: decorazione con vernici fluorescenti; Angelo Del Bon: pittura murale; Gianni Dova: decorazione con vernici fluorescenti; Agenore Fabbri: pannello di terracotta policroma; Lucio Fontana: strisce luminose a soffitto, luce spaziale a soffitto; Emilio Greco: statua; Umberto Milani: sculture sospese; Gastone Pancera: scultura; Lorenzo Pepe: altorilievo; Mario Radice: tarsia di vipla a pavimento; Attilio Rossi: tarsia in vipla a pavimento; Romano Rui: altorilievo; Atanasio Soldati: tarsia in vipla a pavimento; Adriano di Spilimbergo: pittura murale; Vittorio Tavernari: scultura (fonte Bibliografia)",COL
Mostra Risorgimento Mantovano,Attilio Rossi  (fonte Z.M.B.),COP
Mostra Van Gogh,Ente Manifestazioni Milanesi - Presidente della Mostra Prof. Virgilio Ferrari; Presidente Comitato Esecutivo Prof. Caio Mario Cattabeni  (fonte Bibliografia),COM
Mostra Van Gogh,Prof. Ferruccio Maspero e Pittore Nazzareno Pancino: assistenza tecnica (fonte Bibliografia) Arch. I. Parisi: scaffali e vetrine Invita il pittore Attilio Rossi: tarsia a pavimento,COL
Mostra Premio Marzotto Mostra Nazionale della Pittura Contemporanea,Premio Marzzoto,COM
Mostra Rembrandt e il 600 Olandese,Ente Manifestazioni Milanesi - Presidente Comitato Esecutivo Prof. Caio Mario Cattabeni,COM
Mosrtra Arte e Civiltà Etrusca,Ente Manifestazioni Milanesi - Presidente Comitato Esecutivo Prof. Caio Mario Cattabeni,COM
Mostra Amedeo Modigliani,Ente Manifestazioni Milanesi (Presidente Dott. Lino Montagna) - Presidente Comitato Promotore e Giunta Esecutiva Prof. Caio Mario Cattabeni (fonte Bibliografia),COM
Mostra Giovanni Segantini,Comune di Arco,COM
Mostra Giovanni Segantini,Giuseppe Olivotto: assistenza tecnica (fonte Z.M.B.),COL
"Mostra ""Il Cinquantanove""",Comune di Milano,COM
"Mostra ""Il Cinquantanove""",Arch. Maria Pia Matteotti (fonte Elenco coll. L.B.),COL
Mostra Arte Italiana in collezioni U.S.A. Arte Italiana del XX Secolo,Ente Manifestazioni Milanesi - Presidente della Commissione di Palazzo Reale per le Arti Figurative Prof. Caio Mario Cattabeni,COM
Mostra Arte Italiana in collezioni U.S.A. Arte Italiana del XX Secolo,Arch. Maria Pia Matteotti (fonte Elenco coll. L.B.),COL
Mostra Disegno Francese da Fouquet a Toulouse Lautrec,Ente Manifestazioni Milanesi,COM
Mostra Disegno Francese da Fouquet a Toulouse Lautrec,Arch. Maria Pia Matteotti (fonte Elenco coll. L.B.),COL
Stand Siemens,Siemens S.p.A. (Società Italiana Telecomunicazioni),COM
Stand Siemens,Ing. Bandini Buti (Siemens S.p.A.),COL
Stand S.I.V. (in Padiglione Breda),S.I.V. S.p.A. (Società Italiana Vetro) - Direttore Commerciale Ing. G.D. Filogamo,COM
Mostra Girolamo Romanino,Comune di Brescia - Presidente Comitato Esecutivo Prof. Giovanni Vizzoli; Direttore della Mostra Dott. Gaetano Panazza (fonte Bibliografia),COM
Mostra Girolamo Romanino,"Arch. Roberto Innocenti, Dott. Gaetano Panazza",COL
Mostra Collezione Lercaro,S.E. Giacomo Lercaro,COM
Mostra Collezione Lercaro,Arch. Zita Mosca (fonte Z.M.B.),COL
Mostra Lucio Fontana e ristrutturazione Sala delle Cariatidi e delle Colonne,"Comune di Milano (Ripartizione Istituzione Iniziative Culturali e Turismo) Commissione Esecutiva: Gillo Dorfles (Direttore), Tommaso Ferraris, Franco Russoli (fonte Bibliografia)",COM
Mostra Lucio Fontana e ristrutturazione Sala delle Cariatidi e delle Colonne,Arch. Zita Mosca (fonte Z.M.B.),COP
Progetto Personale Luciano Baldessari,Comune di Livorno,COM
Progetto Personale Luciano Baldessari,Arch. Zita Mosca (fonte Z.M.B.),COP
Progetto Mostra Ricerca dell'Identità,"Regione Lombardia - Assessorato alla Cultura, all'Informazione e alla Partecipazione - Assessore Dott. Sandro Fontana",COM
Progetto Mostra Ricerca dell'Identità,Arch. Zita Mosca (fonte Z.M.B.),COP
"Mostra Attilio Rossi ""via Crucis oggi""","Comitato organizzatore: Ente Manifestazioni Mantovane, Comitato Antifascista Mantovano, Regione Lombardia (fonte Bibliografia)",COM
"Mostra Attilio Rossi ""via Crucis oggi""",Arch. Zita Mosca Baldessari (fonte Bibliografia),COP
